Filename,PredictedLabel
Copy of Copy of Copy of IMG_20250925_151230.jpg,Xen
Copy of Copy of Copy of IMG_20250925_151240.jpg,Xen
Copy of Copy of Copy of IMG_20250925_151237.jpg,Xen
Copy of Copy of Copy of IMG_20250925_151245.jpg,Xen
Copy of Copy of Copy of IMG_20250925_151235.jpg,Xen
Copy of Copy of Copy of IMG_20250925_151250_1.jpg,Xen
Copy of Copy of Copy of IMG_20250925_151247.jpg,Xen
Copy of Copy of Copy of IMG_20250925_151249_1.jpg,Xen
Copy of Copy of Copy of IMG_20250925_151248.jpg,Xen
Copy of Copy of Copy of IMG_20250925_151249.jpg,Xen
Copy of Copy of Copy of IMG_20250925_151246.jpg,Xen
Copy of Copy of Copy of IMG_20250925_151247_1.jpg,Xen
Copy of Copy of Copy of IMG_20250925_151250_2.jpg,Xen
Copy of Copy of Copy of IMG_20250925_151248_2.jpg,Xen
Copy of Copy of Copy of IMG_20250925_151248_1.jpg,Xen
Copy of Copy of Copy of IMG_20250925_151251.jpg,Xen
Copy of Copy of Copy of IMG_20250925_151252_1.jpg,Xen
Copy of Copy of Copy of IMG_20250925_151252_2.jpg,Xen
Copy of Copy of Copy of IMG_20250925_151251_1.jpg,Xen
Copy of Copy of Copy of IMG_20250925_151250.jpg,Xen
Copy of Copy of IMG_4659.jpg,Xen
Copy of Copy of IMG_9161.jpg,Xen
Copy of Copy of IMG_3843.jpg,Xen
Copy of Copy of IMG_1600.jpg,Xen
Copy of Copy of IMG_2859.jpg,Xen
Copy of Copy of IMG_3852.jpg,Xen
Copy of Copy of IMG_8221.jpg,Xen
Copy of Copy of IMG_1825.jpg,Xen
Copy of Copy of IMG_8381.jpg,Xen
xen1.jpg,Xen
Copy of Copy of IMG_1644.jpg,Xen
Copy of Copy of IMG_5412.jpg,Xen
Copy of Copy of IMG_7666.jpg,Xen
Copy of Copy of IMG_2860.jpg,Xen
Copy of Copy of IMG_7665.jpg,Xen
Copy of Copy of IMG_9160.jpg,Xen
Copy of Copy of IMG_6524.jpg,Xen
Copy of Copy of IMG_4300.jpg,Xen
Copy of Copy of IMG_0946.jpg,Xen
Copy of Copy of IMG_4945.jpg,Xen
